﻿이름,날짜,담당자,상태,속성,점수
"STAGE 2 Background -Web ",,,Web Hacking,,
"STAGE 3 Background -Web ",,,Web Hacking,,
STAGE 4 Cross-Site-Scripting(XSS),,,Web Hacking,,
"STAGE 5 Cross Site Request Forgery ",,,Web Hacking,,
STAGE 6 SQL Injection,,,Web Hacking,,
STAGE 7 Command Injection,,,Web Hacking,,
STAGE 8 File Vulnerability,2022년 4월 12일,sanghee park,Web Hacking,,
STAGE 9 Server Side Request Forgery(SSRF),,,Web Hacking,,
old-05,2022년 3월 29일,sanghee park,Challenge,database,30
old-46,2022년 4월 5일,sanghee park,Challenge,"database, sql injection",30
old-43,2022년 4월 12일,sanghee park,Challenge,fileupload,25